{
  "name": "Walksnail_HD Pro kit___1080p_16by9_1920x1080-60.02fps",
  "note": "",
  "calibrated_by": "Hermes",
  "camera_brand": "Walksnail",
  "camera_model": "HD Pro kit",
  "lens_model": "",
  "camera_setting": "",
  "calib_dimension": {
    "w": 1920,
    "h": 1080
  },
  "orig_dimension": {
    "w": 1920,
    "h": 1080
  },
  "output_dimension": {
    "w": 1920,
    "h": 1080
  },
  "frame_readout_time": 0.0,
  "gyro_lpf": null,
  "input_horizontal_stretch": 1.0,
  "input_vertical_stretch": 1.0,
  "num_images": 57,
  "fps": 60.019016,
  "crop": null,
  "official": false,
  "asymmetrical": false,
  "fisheye_params": {
    "RMS_error": 0.7288439217219362,
    "camera_matrix": [
      [
        935.3939323333592,
        0.0,
        955.5143236972532
      ],
      [
        0.0,
        934.2672087818634,
        513.9245517321203
      ],
      [
        0.0,
        0.0,
        1.0
      ]
    ],
    "distortion_coeffs": [
      -0.03817311058820049,
      0.02516179054103001,
      -0.036065386971740554,
      0.014329048010418037
    ],
    "radial_distortion_limit": null
  },
  "identifier": "",
  "calibrator_version": "1.5.0",
  "date": "2023-04-28",
  "compatible_settings": [],
  "sync_settings": null,
  "distortion_model": null,
  "digital_lens": null,
  "digital_lens_params": null,
  "interpolations": null,
  "focal_length": null,
  "crop_factor": null,
  "global_shutter": false
}