{
  "name": "Walksnail_Moonlight___4k_16by9_3840x2160-29.99fps",
  "note": "",
  "calibrated_by": "Christopher Karcher",
  "camera_brand": "Walksnail",
  "camera_model": "Moonlight",
  "lens_model": "",
  "camera_setting": "",
  "calib_dimension": {
    "w": 3840,
    "h": 2160
  },
  "orig_dimension": {
    "w": 3840,
    "h": 2160
  },
  "output_dimension": {
    "w": 3840,
    "h": 2160
  },
  "frame_readout_time": 0.0,
  "gyro_lpf": null,
  "input_horizontal_stretch": 1.0,
  "input_vertical_stretch": 1.0,
  "num_images": 5,
  "fps": 29.992275,
  "crop": null,
  "official": false,
  "asymmetrical": false,
  "fisheye_params": {
    "RMS_error": 0.767424224204397,
    "camera_matrix": [
      [
        1834.368430558116,
        0.0,
        1931.345018993549
      ],
      [
        0.0,
        1843.8073464468837,
        1024.0561322438762
      ],
      [
        0.0,
        0.0,
        1.0
      ]
    ],
    "distortion_coeffs": [
      -0.05501572752975789,
      0.027229641024152304,
      -0.03145204832626897,
      0.011190861417697503
    ],
    "radial_distortion_limit": null
  },
  "identifier": "",
  "calibrator_version": "1.5.4",
  "date": "",
  "compatible_settings": [],
  "sync_settings": null,
  "distortion_model": null,
  "digital_lens": null,
  "digital_lens_params": null,
  "interpolations": null,
  "focal_length": null,
  "crop_factor": null,
  "global_shutter": false
}