{
  "name": "Walksnail_Avatar mini 1s kit nano_2.1mm__1080p_16by9_1920x1080-60.02fps",
  "note": "",
  "calibrated_by": "minisnail",
  "camera_brand": "Walksnail",
  "camera_model": "Avatar mini 1s kit nano",
  "lens_model": "2.1mm",
  "camera_setting": "",
  "calib_dimension": {
    "w": 1920,
    "h": 1080
  },
  "orig_dimension": {
    "w": 1920,
    "h": 1080
  },
  "output_dimension": {
    "w": 1920,
    "h": 1080
  },
  "frame_readout_time": null,
  "gyro_lpf": null,
  "input_horizontal_stretch": 1.0,
  "input_vertical_stretch": 1.0,
  "num_images": 13,
  "fps": 60.021103,
  "official": false,
  "asymmetrical": false,
  "fisheye_params": {
    "RMS_error": 0.2691462105366677,
    "camera_matrix": [
      [
        802.745884259058,
        0.0,
        926.950913867928
      ],
      [
        0.0,
        801.9781023007595,
        524.0156657254498
      ],
      [
        0.0,
        0.0,
        1.0
      ]
    ],
    "distortion_coeffs": [
      0.014442608098868754,
      -0.08402755216292797,
      0.05275773130260017,
      -0.013288668367024217
    ],
    "radial_distortion_limit": null
  },
  "identifier": "",
  "calibrator_version": "1.2.0",
  "date": "2022-10-06",
  "compatible_settings": [],
  "is_superview": false,
  "sync_settings": null,
  "distortion_model_id": 0
}