{
  "name": "Walksnail_ProV2_2.2__720p_16by9_1280x720-60.04fps",
  "note": "",
  "calibrated_by": "Mark",
  "camera_brand": "Walksnail",
  "camera_model": "ProV2",
  "lens_model": "2.2",
  "camera_setting": "",
  "calib_dimension": {
    "w": 1280,
    "h": 720
  },
  "orig_dimension": {
    "w": 1280,
    "h": 720
  },
  "output_dimension": {
    "w": 1920,
    "h": 1080
  },
  "frame_readout_time": null,
  "gyro_lpf": null,
  "input_horizontal_stretch": 1.0,
  "input_vertical_stretch": 1.0,
  "num_images": 15,
  "fps": 60.042522,
  "crop": null,
  "official": false,
  "asymmetrical": false,
  "fisheye_params": {
    "RMS_error": 0.2153987595928236,
    "camera_matrix": [
      [
        611.560516316677,
        0.0,
        624.8150506687098
      ],
      [
        0.0,
        611.8998849538561,
        364.0386596634641
      ],
      [
        0.0,
        0.0,
        1.0
      ]
    ],
    "distortion_coeffs": [
      -0.011104773264142751,
      -0.009221338515539194,
      0.0009523548393135238,
      -0.0007245968530819262
    ],
    "radial_distortion_limit": null
  },
  "identifier": "",
  "calibrator_version": "1.5.0",
  "date": "2023-04-13",
  "compatible_settings": [],
  "sync_settings": null,
  "distortion_model": null,
  "digital_lens": null,
  "digital_lens_params": null,
  "interpolations": null,
  "focal_length": null,
  "crop_factor": null,
  "global_shutter": false
}