{
  "name": "Walksnail_Avatar Wide___720p_4by3_1440x1080-60.02fps",
  "note": "",
  "calibrated_by": "小",
  "camera_brand": "Walksnail",
  "camera_model": "Avatar Wide",
  "lens_model": "",
  "camera_setting": "",
  "calib_dimension": {
    "w": 1440,
    "h": 1080
  },
  "orig_dimension": {
    "w": 1440,
    "h": 1080
  },
  "output_dimension": {
    "w": 1440,
    "h": 810
  },
  "frame_readout_time": null,
  "gyro_lpf": null,
  "input_horizontal_stretch": 1.0,
  "input_vertical_stretch": 1.0,
  "num_images": 15,
  "fps": 60.015301,
  "crop": null,
  "official": false,
  "asymmetrical": false,
  "fisheye_params": {
    "RMS_error": 0.2234814656131588,
    "camera_matrix": [
      [
        652.5462578951696,
        0.0,
        751.0379724949595
      ],
      [
        0.0,
        652.1078722448526,
        565.6093500890229
      ],
      [
        0.0,
        0.0,
        1.0
      ]
    ],
    "distortion_coeffs": [
      0.01451381388378404,
      0.022806355496568793,
      -0.015484834647812822,
      0.003492634794203228
    ],
    "radial_distortion_limit": null
  },
  "identifier": "walksnail-fpvcam-wide-1440x1080@60015",
  "calibrator_version": "1.4.2",
  "date": "2023-03-21",
  "compatible_settings": [],
  "sync_settings": null,
  "distortion_model": null,
  "digital_lens": null,
  "digital_lens_params": null,
  "interpolations": null,
  "focal_length": null,
  "crop_factor": null
}