{
  "name": "Walksnail_1s lite_1s lite_60_1080p_16by9_1920x1080-60.01fps",
  "note": "",
  "calibrated_by": "韩自拍",
  "camera_brand": "Walksnail",
  "camera_model": "1s lite",
  "lens_model": "1s lite",
  "camera_setting": "60",
  "calib_dimension": {
    "w": 1920,
    "h": 1080
  },
  "orig_dimension": {
    "w": 1920,
    "h": 1080
  },
  "output_dimension": {
    "w": 1920,
    "h": 1080
  },
  "frame_readout_time": 0.0,
  "gyro_lpf": null,
  "input_horizontal_stretch": 1.0,
  "input_vertical_stretch": 1.0,
  "num_images": 14,
  "fps": 60.012928,
  "crop": null,
  "official": false,
  "asymmetrical": false,
  "fisheye_params": {
    "RMS_error": 0.3794930229791008,
    "camera_matrix": [
      [
        794.4086199406453,
        0.0,
        934.622906801211
      ],
      [
        0.0,
        793.5917314559177,
        541.0583354285998
      ],
      [
        0.0,
        0.0,
        1.0
      ]
    ],
    "distortion_coeffs": [
      0.004445698430128066,
      -0.056404795489711494,
      0.031425103218676725,
      -0.00752232277587617
    ],
    "radial_distortion_limit": null
  },
  "identifier": "",
  "calibrator_version": "1.5.0",
  "date": "2023-05-10",
  "compatible_settings": [],
  "sync_settings": null,
  "distortion_model": null,
  "digital_lens": null,
  "digital_lens_params": null,
  "interpolations": null,
  "focal_length": null,
  "crop_factor": null,
  "global_shutter": false
}