{
  "name": "Walksnail_walksnail cinlog35_walksnail cinlog35__1080p_16by9_1920x1080-59.95fps",
  "note": "",
  "calibrated_by": "ho leo",
  "camera_brand": "Walksnail",
  "camera_model": "walksnail cinlog35",
  "lens_model": "walksnail cinlog35",
  "camera_setting": "",
  "calib_dimension": {
    "w": 1920,
    "h": 1080
  },
  "orig_dimension": {
    "w": 1920,
    "h": 1080
  },
  "output_dimension": {
    "w": 1920,
    "h": 1080
  },
  "frame_readout_time": null,
  "gyro_lpf": null,
  "input_horizontal_stretch": 1.0,
  "input_vertical_stretch": 1.0,
  "num_images": 15,
  "fps": 59.946762,
  "crop": null,
  "official": false,
  "asymmetrical": false,
  "fisheye_params": {
    "RMS_error": 0.366126102522016,
    "camera_matrix": [
      [
        724.2417846662993,
        0.0,
        942.4500000299572
      ],
      [
        0.0,
        724.0901691323448,
        548.4487129737793
      ],
      [
        0.0,
        0.0,
        1.0
      ]
    ],
    "distortion_coeffs": [
      0.015253797452739,
      0.02465737448235422,
      -0.01681015803342497,
      0.00361325692106996
    ],
    "radial_distortion_limit": null
  },
  "identifier": "",
  "calibrator_version": "1.5.4",
  "date": "2023-11-21",
  "compatible_settings": [],
  "sync_settings": null,
  "distortion_model": null,
  "digital_lens": null,
  "digital_lens_params": null,
  "interpolations": null,
  "focal_length": null,
  "crop_factor": null,
  "global_shutter": false
}