{
  "name": "Walksnail_Avatar Micro V1___1080p_16by9_1920x1080-60.02fps",
  "note": "",
  "calibrated_by": "Amos Wong",
  "camera_brand": "Walksnail",
  "camera_model": "Avatar Micro V1",
  "lens_model": "",
  "camera_setting": "",
  "calib_dimension": {
    "w": 1920,
    "h": 1080
  },
  "orig_dimension": {
    "w": 1920,
    "h": 1080
  },
  "output_dimension": {
    "w": 1920,
    "h": 1080
  },
  "frame_readout_time": null,
  "gyro_lpf": null,
  "input_horizontal_stretch": 1.0,
  "input_vertical_stretch": 1.0,
  "num_images": 40,
  "fps": 60.021187,
  "crop": null,
  "official": false,
  "asymmetrical": false,
  "fisheye_params": {
    "RMS_error": 0.4370152075628117,
    "camera_matrix": [
      [
        733.8141107963836,
        0.0,
        952.4136830228134
      ],
      [
        0.0,
        734.3055746905669,
        578.1734382858924
      ],
      [
        0.0,
        0.0,
        1.0
      ]
    ],
    "distortion_coeffs": [
      0.04189906915452564,
      -0.0716608748420229,
      0.1482324046959679,
      -0.09491338950976765
    ],
    "radial_distortion_limit": null
  },
  "identifier": "",
  "calibrator_version": "1.5.2",
  "date": "2023-07-22",
  "compatible_settings": [],
  "sync_settings": null,
  "distortion_model": null,
  "digital_lens": null,
  "digital_lens_params": null,
  "interpolations": null,
  "focal_length": null,
  "crop_factor": null,
  "global_shutter": false
}