{
  "name": "Walksnail_Avatar Moonlight kit___4k_16by9_3840x2160-60.00fps",
  "note": "",
  "calibrated_by": "Walksnail",
  "camera_brand": "Walksnail",
  "camera_model": "Avatar Moonlight kit",
  "lens_model": "",
  "camera_setting": "",
  "calib_dimension": {
    "w": 3840,
    "h": 2160
  },
  "orig_dimension": {
    "w": 3840,
    "h": 2160
  },
  "output_dimension": {
    "w": 3840,
    "h": 2160
  },
  "frame_readout_time": null,
  "gyro_lpf": null,
  "input_horizontal_stretch": 1.0,
  "input_vertical_stretch": 1.0,
  "num_images": 15,
  "fps": 60.00032,
  "crop": null,
  "official": false,
  "asymmetrical": false,
  "fisheye_params": {
    "RMS_error": 0.5402129355311811,
    "camera_matrix": [
      [
        1765.9211601489542,
        0.0,
        1917.6117204721136
      ],
      [
        0.0,
        1768.6071955093464,
        1051.1424130062828
      ],
      [
        0.0,
        0.0,
        1.0
      ]
    ],
    "distortion_coeffs": [
      -0.04009369665057928,
      0.0061992184102087535,
      -0.004995339231975461,
      0.00010464169098901917
    ],
    "radial_distortion_limit": null
  },
  "identifier": "",
  "calibrator_version": "1.5.4",
  "date": "2023-11-28",
  "compatible_settings": [],
  "sync_settings": null,
  "distortion_model": null,
  "digital_lens": null,
  "digital_lens_params": null,
  "interpolations": null,
  "focal_length": null,
  "crop_factor": null,
  "global_shutter": false
}