{
  "name": "Walksnail_Avatar Pro Wide___1080p_16by9_1920x1080-60.01fps",
  "note": "",
  "calibrated_by": "Tom McCullough",
  "camera_brand": "Walksnail",
  "camera_model": "Avatar Pro Wide",
  "lens_model": "",
  "camera_setting": "",
  "calib_dimension": {
    "w": 1920,
    "h": 1080
  },
  "orig_dimension": {
    "w": 1920,
    "h": 1080
  },
  "output_dimension": {
    "w": 1920,
    "h": 1080
  },
  "frame_readout_time": 10.01,
  "gyro_lpf": 0.0,
  "input_horizontal_stretch": 1.0,
  "input_vertical_stretch": 1.0,
  "num_images": 15,
  "fps": 60.013096,
  "crop": null,
  "official": false,
  "asymmetrical": false,
  "fisheye_params": {
    "RMS_error": 0.3144026722940419,
    "camera_matrix": [
      [
        935.9367539308424,
        0.0,
        961.5211783272024
      ],
      [
        0.0,
        935.6962803278292,
        566.326650505951
      ],
      [
        0.0,
        0.0,
        1.0
      ]
    ],
    "distortion_coeffs": [
      -0.03963094507535905,
      0.015524688666524612,
      -0.01608380518004136,
      0.004559390864259919
    ],
    "radial_distortion_limit": null
  },
  "identifier": "walksnail-fpvcam-walksnail_avatar_pro_camera_1080p_16by9_60fps-wide-1920x1080@60013",
  "calibrator_version": "1.5.0",
  "date": "2023-04-21",
  "compatible_settings": [],
  "sync_settings": null,
  "distortion_model": null,
  "digital_lens": null,
  "digital_lens_params": null,
  "interpolations": null,
  "focal_length": null,
  "crop_factor": null,
  "global_shutter": false
}