{
  "name": "Walksnail_walksnail cinlog35_walksnail cinlog35__1080p_16by9_1920x1080-60.03fps",
  "note": "",
  "calibrated_by": "ho leo",
  "camera_brand": "Walksnail",
  "camera_model": "walksnail cinlog35",
  "lens_model": "walksnail cinlog35",
  "camera_setting": "",
  "calib_dimension": {
    "w": 1920,
    "h": 1080
  },
  "orig_dimension": {
    "w": 1920,
    "h": 1080
  },
  "output_dimension": {
    "w": 1920,
    "h": 1080
  },
  "frame_readout_time": 0.0,
  "gyro_lpf": 50.0,
  "input_horizontal_stretch": 1.0,
  "input_vertical_stretch": 1.0,
  "num_images": 20,
  "fps": 60.027473,
  "crop": null,
  "official": false,
  "asymmetrical": false,
  "fisheye_params": {
    "RMS_error": 0.3832169290006233,
    "camera_matrix": [
      [
        729.6008964462451,
        0.0,
        937.7797550997548
      ],
      [
        0.0,
        730.339811725867,
        548.2215627014644
      ],
      [
        0.0,
        0.0,
        1.0
      ]
    ],
    "distortion_coeffs": [
      0.012195006963161316,
      0.02159710479077161,
      -0.013212434203100703,
      0.0024095801405211387
    ],
    "radial_distortion_limit": null
  },
  "identifier": "",
  "calibrator_version": "1.5.4",
  "date": "2023-11-21",
  "compatible_settings": [],
  "sync_settings": null,
  "distortion_model": null,
  "digital_lens": null,
  "digital_lens_params": null,
  "interpolations": null,
  "focal_length": null,
  "crop_factor": null,
  "global_shutter": false
}