{
  "asymmetrical": false,
  "calib_dimension": {
    "h": 1520,
    "w": 2704
  },
  "calibrated_by": "korshun 4568",
  "calibrator_version": "1.5.4",
  "camera_brand": "Walksnail",
  "camera_model": "Moonlight",
  "camera_setting": "",
  "compatible_settings": [],
  "crop": null,
  "crop_factor": null,
  "date": "2024-02-26",
  "digital_lens": null,
  "digital_lens_params": null,
  "distortion_model": null,
  "fisheye_params": {
    "RMS_error": 0.8647779316650638,
    "camera_matrix": [
      [
        1247.03368755906,
        0.0,
        1347.774436287633
      ],
      [
        0.0,
        1245.9870045029108,
        761.4983756756268
      ],
      [
        0.0,
        0.0,
        1.0
      ]
    ],
    "distortion_coeffs": [
      -0.027897450757353247,
      -0.012593946726280511,
      0.010087625052771072,
      -0.004484049517840137
    ],
    "radial_distortion_limit": null
  },
  "focal_length": null,
  "fps": 60.000069,
  "frame_readout_time": null,
  "global_shutter": false,
  "gyro_lpf": null,
  "identifier": "",
  "input_horizontal_stretch": 1.0,
  "input_vertical_stretch": 1.0,
  "interpolations": null,
  "lens_model": "AvatarMoonlight___2.7k_16by9_2704x1520-60.00fps",
  "name": "Walksnail_Moonlight_AvatarMoonlight___2.7k_16by9_2704x1520-60.00fps__2.7k_16by9_2704x1520-60.00fps",
  "note": "",
  "num_images": 15,
  "official": false,
  "orig_dimension": {
    "h": 1520,
    "w": 2704
  },
  "output_dimension": {
    "h": 1520,
    "w": 2704
  },
  "sync_settings": null
}