{
  "name": "Walksnail_mini vtx___1080p_16by9_1920x1080-60.02fps",
  "note": "",
  "calibrated_by": "christophe Hein",
  "camera_brand": "Walksnail",
  "camera_model": "mini vtx",
  "lens_model": "",
  "camera_setting": "",
  "calib_dimension": {
    "w": 1920,
    "h": 1080
  },
  "orig_dimension": {
    "w": 1920,
    "h": 1080
  },
  "output_dimension": {
    "w": 1920,
    "h": 1080
  },
  "frame_readout_time": null,
  "gyro_lpf": null,
  "input_horizontal_stretch": 1.0,
  "input_vertical_stretch": 1.0,
  "num_images": 11,
  "fps": 60.015755,
  "crop": null,
  "official": false,
  "asymmetrical": false,
  "fisheye_params": {
    "RMS_error": 0.39665947434015647,
    "camera_matrix": [
      [
        801.7476902290224,
        0.0,
        941.8276220578311
      ],
      [
        0.0,
        799.9314950081119,
        552.1820251101972
      ],
      [
        0.0,
        0.0,
        1.0
      ]
    ],
    "distortion_coeffs": [
      0.006251137993577823,
      -0.08479768033405723,
      0.07433603977696523,
      -0.027340594173228587
    ],
    "radial_distortion_limit": null
  },
  "identifier": "",
  "calibrator_version": "1.3.0",
  "date": "2022-12-03",
  "compatible_settings": [],
  "sync_settings": null,
  "distortion_model": null,
  "digital_lens": null,
  "digital_lens_params": null,
  "interpolations": null
}