{
  "name": "Walksnail_Avatar Pro Wide___1080p_16by9_1920x1080-60.01fps",
  "note": "",
  "calibrated_by": "Andrew Zywicki",
  "camera_brand": "Walksnail",
  "camera_model": "Avatar Pro Wide",
  "lens_model": "",
  "camera_setting": "",
  "calib_dimension": {
    "w": 1920,
    "h": 1080
  },
  "orig_dimension": {
    "w": 1920,
    "h": 1080
  },
  "output_dimension": {
    "w": 1920,
    "h": 1080
  },
  "frame_readout_time": null,
  "gyro_lpf": null,
  "input_horizontal_stretch": 1.0,
  "input_vertical_stretch": 1.0,
  "num_images": 15,
  "fps": 60.011242,
  "crop": null,
  "official": false,
  "asymmetrical": false,
  "fisheye_params": {
    "RMS_error": 0.2784027201505533,
    "camera_matrix": [
      [
        931.623748970262,
        0.0,
        961.7278073036656
      ],
      [
        0.0,
        930.5492650074106,
        517.2239640795382
      ],
      [
        0.0,
        0.0,
        1.0
      ]
    ],
    "distortion_coeffs": [
      -0.04204762476262715,
      0.03283313807981398,
      -0.05652205472643025,
      0.02806607638771566
    ],
    "radial_distortion_limit": null
  },
  "identifier": "walksnail-fpvcam-walksnail_avatar_pro_camera_1080p_16by9_60fps-wide-1920x1080@60011",
  "calibrator_version": "1.5.0",
  "date": "2023-05-14",
  "compatible_settings": [],
  "sync_settings": null,
  "distortion_model": null,
  "digital_lens": null,
  "digital_lens_params": null,
  "interpolations": null,
  "focal_length": null,
  "crop_factor": null,
  "global_shutter": false
}