{
  "name": "Walksnail Avatar_FPVcam V2_2.1mm Stock_1080p60_16by9_1080p_16by9_1920x1080-60.03fps",
  "note": "Set IMU orientation: YxZ",
  "calibrated_by": "nicecrash_23",
  "camera_brand": "Walksnail Avatar V2",
  "camera_model": "FPVcam V2",
  "lens_model": "Walksnail_Avatar_V2_Camera_1080p_16by9_60fps wide",
  "camera_setting": "1080p60_16by9",
  "calib_dimension": {
    "w": 1920,
    "h": 1080
  },
  "orig_dimension": {
    "w": 1920,
    "h": 1080
  },
  "output_dimension": {
    "w": 1920,
    "h": 1080
  },
  "frame_readout_time": 10.01,
  "gyro_lpf": null,
  "input_horizontal_stretch": 1.0,
  "input_vertical_stretch": 1.0,
  "num_images": 20,
  "fps": 60.025696,
  "crop": null,
  "official": true,
  "asymmetrical": false,
  "fisheye_params": {
    "RMS_error": 0.5328198006137144,
    "camera_matrix": [
      [
        877.8516930217543,
        0.0,
        1010.2570042365829
      ],
      [
        0.0,
        878.7666310246337,
        491.137748427784
      ],
      [
        0.0,
        0.0,
        1.0
      ]
    ],
    "distortion_coeffs": [
      0.03000333922729687,
      -0.013151116554061218,
      0.01689561836802893,
      -0.007168408248820024
    ],
    "radial_distortion_limit": null
  },
  "identifier": "",
  "calibrator_version": "1.5.0",
  "date": "2023-04-10",
  "compatible_settings": [],
  "sync_settings": null,
  "distortion_model": null,
  "digital_lens": null,
  "digital_lens_params": null,
  "interpolations": null,
  "focal_length": null,
  "crop_factor": null,
  "global_shutter": false
}