{
  "name": "Walksnail_Avatar Mini___1080p_16by9_1920x1080-60.01fps",
  "note": "",
  "calibrated_by": "Trevor Johnson",
  "camera_brand": "Walksnail",
  "camera_model": "Avatar Mini",
  "lens_model": "",
  "camera_setting": "",
  "calib_dimension": {
    "w": 1920,
    "h": 1080
  },
  "orig_dimension": {
    "w": 1920,
    "h": 1080
  },
  "output_dimension": {
    "w": 1920,
    "h": 1080
  },
  "frame_readout_time": null,
  "gyro_lpf": null,
  "input_horizontal_stretch": 1.0,
  "input_vertical_stretch": 1.0,
  "num_images": 15,
  "fps": 60.012718,
  "crop": null,
  "official": false,
  "asymmetrical": false,
  "fisheye_params": {
    "RMS_error": 0.2755892075395652,
    "camera_matrix": [
      [
        798.4105129117062,
        0.0,
        929.0590696805918
      ],
      [
        0.0,
        798.0527035271798,
        516.0730638558347
      ],
      [
        0.0,
        0.0,
        1.0
      ]
    ],
    "distortion_coeffs": [
      0.002623014729118269,
      -0.05408200011637264,
      0.03016954713961551,
      -0.007596815555833075
    ],
    "radial_distortion_limit": null
  },
  "identifier": "",
  "calibrator_version": "1.5.2",
  "date": "2023-08-09",
  "compatible_settings": [],
  "sync_settings": null,
  "distortion_model": null,
  "digital_lens": null,
  "digital_lens_params": null,
  "interpolations": null,
  "focal_length": null,
  "crop_factor": null,
  "global_shutter": false
}