{
  "name": "Walksnail_Avatar Pro Wide___1080p_16by9_1920x1080-60.03fps",
  "note": "",
  "calibrated_by": "Алексей Чайников",
  "camera_brand": "Walksnail",
  "camera_model": "Avatar Pro Wide",
  "lens_model": "",
  "camera_setting": "",
  "calib_dimension": {
    "w": 1920,
    "h": 1080
  },
  "orig_dimension": {
    "w": 1920,
    "h": 1080
  },
  "output_dimension": {
    "w": 1920,
    "h": 1080
  },
  "frame_readout_time": null,
  "gyro_lpf": null,
  "input_horizontal_stretch": 1.0,
  "input_vertical_stretch": 1.0,
  "num_images": 15,
  "fps": 60.026585,
  "crop": null,
  "official": false,
  "asymmetrical": false,
  "fisheye_params": {
    "RMS_error": 0.3789348365333358,
    "camera_matrix": [
      [
        925.9045463744676,
        0.0,
        951.1717171029665
      ],
      [
        0.0,
        927.706155254624,
        540.9016086613989
      ],
      [
        0.0,
        0.0,
        1.0
      ]
    ],
    "distortion_coeffs": [
      -0.04483684688683211,
      0.02819021173318479,
      -0.0232097594092361,
      0.0053245230681647415
    ],
    "radial_distortion_limit": null
  },
  "identifier": "walksnail-fpvcam-walksnail_avatar_pro_camera_1080p_16by9_60fps-wide-1920x1080@60027",
  "calibrator_version": "1.5.0",
  "date": "2023-04-24",
  "compatible_settings": [],
  "sync_settings": null,
  "distortion_model": null,
  "digital_lens": null,
  "digital_lens_params": null,
  "interpolations": null,
  "focal_length": null,
  "crop_factor": null,
  "global_shutter": false
}