{
  "name": "Walksnail_fpv cam_Walksnail_Avatar_Pro_Camera_1080p_16by9_60fps wide__1080p_16by9_1920x1080-60.03fps",
  "note": "",
  "calibrated_by": "Buzan Paweł",
  "camera_brand": "Walksnail",
  "camera_model": "fpv cam",
  "lens_model": "Walksnail_Avatar_Pro_Camera_1080p_16by9_60fps wide",
  "camera_setting": "",
  "calib_dimension": {
    "w": 1920,
    "h": 1080
  },
  "orig_dimension": {
    "w": 1920,
    "h": 1080
  },
  "output_dimension": {
    "w": 1920,
    "h": 1080
  },
  "frame_readout_time": null,
  "gyro_lpf": null,
  "input_horizontal_stretch": 1.0,
  "input_vertical_stretch": 1.0,
  "num_images": 8,
  "fps": 60.034248,
  "crop": null,
  "official": false,
  "asymmetrical": false,
  "fisheye_params": {
    "RMS_error": 0.26342539184595365,
    "camera_matrix": [
      [
        938.5521736663676,
        0.0,
        935.5016788041952
      ],
      [
        0.0,
        937.7060398755954,
        544.150353280332
      ],
      [
        0.0,
        0.0,
        1.0
      ]
    ],
    "distortion_coeffs": [
      -0.03338622958385638,
      -0.0000409415112366124,
      -0.0016981153046504269,
      -0.0003274884696152279
    ],
    "radial_distortion_limit": null
  },
  "identifier": "walksnail-fpvcam-walksnail_avatar_pro_camera_1080p_16by9_60fps-wide-1920x1080@60034",
  "calibrator_version": "1.5.0",
  "date": "2023-05-28",
  "compatible_settings": [],
  "sync_settings": null,
  "distortion_model": null,
  "digital_lens": null,
  "digital_lens_params": null,
  "interpolations": null,
  "focal_length": null,
  "crop_factor": null,
  "global_shutter": false
}